note_id,type,title,desc,video_url,time,last_update_time,user_id,nickname,avatar,liked_count,collected_count,comment_count,share_count,ip_location,image_list,tag_list,last_modify_ts,note_url,source_keyword,xsec_token
69fc6a19000000001a02f041,normal,根据姐妹的建议，做了新手司机必备车贴2.0,"用这个姐妹@尾丸鱼（接稿版） 发的文案 新做了两张车贴[集美R]
具体制作过程（教程）写在p4-7
原车贴感兴趣的可以看我之前笔记
图片制作于flowith gpt image2.0
#关于我打车被司机种草这件事[话题]# #车贴[话题]# #新手上路[话题]# #搞笑[话题]# #gpt[话题]# #flowith[话题]# #女强爽文[话题]# #女频[话题]# #女人必看[话题]# #女司机必备[话题]#",,1778149913000,1778478340000,667c1dd7000000000700794b,顺风顺水顺财神,https://sns-avatar-qc.xhscdn.com/avatar/1040g2jo31uu0kbfl2g005pjs3nbhouabj4gtt20,1万,211,157,448,,"http://sns-webpic-qc.xhscdn.com/202606111059/23b77d7941487b9b3c3096ac73f438ae/1040g00831vs3irio2a0g5pjs3nbhouabdjula38!nd_dft_wlteh_webp_3,http://sns-webpic-qc.xhscdn.com/202606111059/d9425a89cb30824336aab2613bc703a6/1040g00831vs3irio2a205pjs3nbhouab7cshtvg!nd_dft_wgth_webp_3,http://sns-webpic-qc.xhscdn.com/202606111059/5878e96fd99c0bbcaf2123cbf9b98d53/1040g2sg3200u8gj1jqe05pjs3nbhouab85jaav0!nd_dft_wgth_webp_3,http://sns-webpic-qc.xhscdn.com/202606111059/39a309e040787c23d24b487e74ddac54/1040g2sg3200u8gj1jqeg5pjs3nbhouab5hf9q0g!nd_dft_wlteh_webp_3,http://sns-webpic-qc.xhscdn.com/202606111059/bd506a90851ea172a0455c6e37832a5a/1040g2sg3200u8gj1jqf05pjs3nbhouabn6moetg!nd_dft_wlteh_webp_3,http://sns-webpic-qc.xhscdn.com/202606111059/13c6b43c962605f3e1ede560ddd3e313/1040g2sg3200u8gj1jqfg5pjs3nbhouabnsrom40!nd_dft_wlteh_webp_3,http://sns-webpic-qc.xhscdn.com/202606111059/e90700df19ef14c5968d5933936a9559/1040g2sg32012p1ufiqe05pjs3nbhouab9trodrg!nd_dft_wgth_webp_3","关于我打车被司机种草这件事,车贴,新手上路,搞笑,gpt,flowith,女强爽文,女频,女人必看,女司机必备",1781146821572,https://www.xiaohongshu.com/explore/69fc6a19000000001a02f041?xsec_token=ABFGN1XGAMRkE5C5BoRmiesO55DsvVU_3aOmWHa3VGpxk=&xsec_source=pc_search,原创车贴,ABFGN1XGAMRkE5C5BoRmiesO55DsvVU_3aOmWHa3VGpxk=
6a27a2700000000035029447,normal,◑🔴◑ Noot Noot！,"gugugaga痛车达成！
菇菇菇菇菇就这么菇到厌倦🐧
#甲壳虫[话题]# #车贴[话题]# #汽车彩绘[话题]# #pingu[话题]# #pingu周边[话题]#",,1780982384000,1780982385000,626212d0000000001000eea1,momo,https://sns-avatar-qc.xhscdn.com/avatar/1040g2jo3206cosdjlk005oj22b841rl1pu4rr0g,415,75,89,483,安徽,"http://sns-webpic-qc.xhscdn.com/202606111059/bb74b2edb6644522ce3ac77f23c46d15/1040g0083216cci9vn42g5oj22b841rl19s3s3c8!nd_dft_wlteh_webp_3,http://sns-webpic-qc.xhscdn.com/202606111059/589752981656a7cc5bfc726e0e33fbe3/1040g0083216cci9vn4305oj22b841rl1tmjd0n0!nd_dft_wlteh_webp_3,http://sns-webpic-qc.xhscdn.com/202606111059/faf64e210dbf2afbc608001f9cceebd6/1040g0083216cci9vn43g5oj22b841rl1n5c0ud8!nd_dft_wlteh_webp_3,http://sns-webpic-qc.xhscdn.com/202606111059/3b896feba784bcdb469cf73aa63bb4a4/1040g0083216cci9vn4405oj22b841rl1acsuq2o!nd_dft_wlteh_webp_3,http://sns-webpic-qc.xhscdn.com/202606111059/b48ad4fd792c0ba410e46046e90cb6d5/1040g0083216cci9vn44g5oj22b841rl17r4diro!nd_dft_wlteh_webp_3,http://sns-webpic-qc.xhscdn.com/202606111059/9721e2b8af18d52efffa13bfd107ce15/notes_uhdr/1040g3qg3216cn4fd700g5oj22b841rl15l7bu7o!nd_dft_wlteh_webp_3","甲壳虫,车贴,汽车彩绘,pingu,pingu周边",1781146821582,https://www.xiaohongshu.com/explore/6a27a2700000000035029447?xsec_token=AB0leuGvd2pyj7sFPC2obiU_rbR8K1Bk412jhHMCyGT2Q=&xsec_source=pc_search,原创车贴,AB0leuGvd2pyj7sFPC2obiU_rbR8K1Bk412jhHMCyGT2Q=
66c608d4000000001d03ba35,normal,行走的广告牌,"自己画的车衣就是顺眼[害羞R]
#理想mega[话题]#
#Mega[话题]#",,1724254421000,1724254421000,662b99f9000000000303232c,中年少女老徐,https://sns-avatar-qc.xhscdn.com/avatar/1040g2jo318njuecv3q005phbj7sgu8pcibqeek0,369,54,262,71,,"http://sns-webpic-qc.xhscdn.com/202606111059/5ec2513f8a7d4b5b55f5a40a27d0c9f1/1040g2sg316p2qa5142705phbj7sgu8pcoviukg0!nd_dft_wlteh_webp_3,http://sns-webpic-qc.xhscdn.com/202606111059/7181e24df4264399cb6474605c6a7b75/1040g2sg316p2qa51427g5phbj7sgu8pc9sdan0g!nd_dft_wlteh_webp_3,http://sns-webpic-qc.xhscdn.com/202606111059/b88e467f8b547de016916882adef30d5/1040g2sg316p2qa5142805phbj7sgu8pco6gdg88!nd_dft_wlteh_webp_3","理想mega,Mega",1781146821583,https://www.xiaohongshu.com/explore/66c608d4000000001d03ba35?xsec_token=AB0wga9KP2AKb4KYfQj50rdPPo91IBH7MIVEUo3b-OBy4=&xsec_source=pc_search,原创车贴,AB0wga9KP2AKb4KYfQj50rdPPo91IBH7MIVEUo3b-OBy4=
680e1b16000000000b01497c,normal,痛车你就贴吧，一贴一个不吱声,"哈喽姐妹们！
我的乌萨奇痛车贴完有段时间啦，今天给大家分享一波我的痛车改造计划！
1️⃣选定你想贴的ip或者动漫人物！
设计不要偷懒，明确好自己喜欢的风格，前期多和设计师沟通。预留至少两周的时间改稿，贴就贴自己喜欢的！
2️⃣确定好施工地点，要挑有经验的师傅！
痛车比一般的改色膜，贴起来更复杂。
要挑有经验的师傅，别让新手毁了辛苦设计的彩绘膜。
3️⃣贴完必检查。⚠️
车门缝，后备箱，充电口，摄像头位置重点看！
有不满意的地方直接说，不做包子！！
4️⃣备案
一周之内记得去备案，大面积改色和图案是需要备案的。
💰花费：
彩绘膜是1.8k，施工1.5k（真嘟好贵，但是这个师傅贴的超棒）
🕰️时间：
设计2周左右，施工2天。
	
贴完痛车之后很怕剐蹭到！
新入了可以停车监控的行车记录仪万奇欧E1 pro。
小小一个，直接粘贴安装。有显示器，也不用担心是否在记录。
可以语音操控，解放双手。
4K HDK画面很清晰。索尼IMX678传感器，夜晚和地库也不怕。
写在坠后，
痛车不是消费，是投资自己的心情。
趁年轻，趁好猫还能装的下我的少女心，让每天的通勤路上都能保持好心情。
#欧拉好猫[话题]##乌萨奇[话题]##Chiikawa痛车[话题]##车载好物[话题]##行车记录仪推荐[话题]#   #万奇欧行车记录仪[话题]#   #车载好物分享[话题]#   #好物推荐[话题]#   #女生车里有什么[话题]# #我的小车车[话题]# #汽车改色换皮肤[话题]# #我的爱车日常[话题]#",,1745805500000,1745754903000,5dc04655000000000100844f,鹿胖胖不胖,https://sns-avatar-qc.xhscdn.com/avatar/1040g2jo316rkvu54jm0g5ne08pag912f588vgro,275,110,76,53,,"http://sns-webpic-qc.xhscdn.com/202606111059/f3cf199a7a7f142aed300eb4616e2afa/1040g2sg31gpf1jl83u705ne08pag912fo0oc1og!nd_dft_wlteh_webp_3,http://sns-webpic-qc.xhscdn.com/202606111059/3c4cb75d5325bf218ee4cfdeffb8147b/1040g2sg31gpf1jl83u7g5ne08pag912fjcc6hfo!nd_dft_wlteh_webp_3,http://sns-webpic-qc.xhscdn.com/202606111059/c28f1e1aa0a72da55421354716b04b6d/1040g2sg31gpf1jl83u805ne08pag912fpfotae0!nd_dft_wlteh_webp_3,http://sns-webpic-qc.xhscdn.com/202606111059/864e954cab8d85736faa216f5699ff88/1040g2sg31gpf1jl83u8g5ne08pag912fivl4u58!nd_dft_wlteh_webp_3,http://sns-webpic-qc.xhscdn.com/202606111059/727ab681f0fe302edf6cd030616b5ba7/1040g2sg31gpf1jl83u905ne08pag912f683dmd8!nd_dft_wlteh_webp_3,http://sns-webpic-qc.xhscdn.com/202606111059/dc848697f2af5b340f0445e510e3a8f4/1040g2sg31gpf1jl83u9g5ne08pag912fg7ja9ig!nd_dft_wlteh_webp_3,http://sns-webpic-qc.xhscdn.com/202606111059/d8ae5a63625bdda4ac324c8b1ea5ab0a/1040g2sg31gpf1jl83ua05ne08pag912f0tahd2g!nd_dft_wlteh_webp_3","欧拉好猫,乌萨奇,Chiikawa痛车,车载好物,行车记录仪推荐,万奇欧行车记录仪,车载好物分享,好物推荐,女生车里有什么,我的小车车,汽车改色换皮肤,我的爱车日常",1781146821585,https://www.xiaohongshu.com/explore/680e1b16000000000b01497c?xsec_token=ABn7Gavp64CYUnU0qFSjJjxT6SQiVa8s5PnVKMlW7P68I=&xsec_source=pc_search,原创车贴,ABn7Gavp64CYUnU0qFSjJjxT6SQiVa8s5PnVKMlW7P68I=
67339378000000001b0282f2,normal,做了一个有意义的车贴，送给有心人,"心脏骤停的黄金救援时间只有4分钟，而AED能在关键时刻救命。只要你的车里有这个仪器，就可以来找我们免费领取专属车贴
当你看到贴有我们车贴的车辆，就知道车里有AED，多一份安心，多一份希望。
	
只要你能证明你的车里有AED除颤仪，就可以联系我们，我们会为你送上专属车贴。
	
#原创车贴[话题]# #汽车薯[话题]# #车贴[话题]# #aed除颤器真的能救命[话题]# #aed除颤仪[话题]# #车载公益好物[话题]#",,1731457819000,1731433336000,63733f33000000001f015d51,Chillttoo Market赤兔商店,https://sns-avatar-qc.xhscdn.com/avatar/1040g2jo31v2au6gr1m005orj7spnqnah30uf27g,183,47,90,22,,"http://sns-webpic-qc.xhscdn.com/202606111059/6ff52f054a5a6d90b4be43492da05ecb/1040g00831a41vqm0mo005orj7spnqnahsbk6gtg!nd_dft_wlteh_webp_3,http://sns-webpic-qc.xhscdn.com/202606111059/59edf61f0b125cfe4d26d78e5bdf2cf4/1040g00831a41vqm0mo0g5orj7spnqnahl9aegr8!nd_dft_wlteh_webp_3,http://sns-webpic-qc.xhscdn.com/202606111059/fcc4e15dde1d95bc3d568d095f933ee4/1040g00831a41vqm0mo105orj7spnqnahsbdflrg!nd_dft_wlteh_webp_3,http://sns-webpic-qc.xhscdn.com/202606111059/129328578a05fd39a771f603c9521101/1040g00831a41vqm0mo1g5orj7spnqnah423ojno!nd_dft_wlteh_webp_3,http://sns-webpic-qc.xhscdn.com/202606111059/4e92b6f4704e20ab9cc389f76a94de50/1040g00831a41vqm0mo205orj7spnqnah8drhrf8!nd_dft_wlteh_webp_3","原创车贴,汽车薯,车贴,aed除颤器真的能救命,aed除颤仪,车载公益好物",1781146821587,https://www.xiaohongshu.com/explore/67339378000000001b0282f2?xsec_token=ABSTockL_izM5KObrvQWWbY76Z2jO5Eubx-CNwy0Hbx5U=&xsec_source=pc_search,原创车贴,ABSTockL_izM5KObrvQWWbY76Z2jO5Eubx-CNwy0Hbx5U=
6964d16b00000000220392c9,normal,上海痛车定制设计❗汽车彩绘｜小众不撞款~,"把最喜欢的动漫角色，直接“开”上街是什么体验？
🔸回头率爆表！
🔸路人狂拍！
🔸朋友追问！
这，就是专属彩绘痛车的魔力✨
-
从脑洞到飞驰上路，每一步都量身打造：
✅ 原创设计，拒绝撞款
资深设计师团队，懂梗更懂车
无论热血动漫、软萌卡通还是酷炫涂鸦
你的想法，我们把它精准还原在车身上，质感拉满
✅ 黑带大师定制服务
龙膜官方认证黑带大师团队监制，13年贴装经验
10000+辆车施工案例
在专业无尘车间施工，像保护艺术品一样呵护你的爱车原漆
✅ 全程透明，安心托管
进口材料，可现场验真，电子质保全国联保，售后放心
-
想做彩绘痛车的宝子们，别再犹豫了
快来私戳咨询，早日和你喜欢的“TA”一起出街啦
💞欢迎点击左下角聊聊你的创意~
	
#汽车彩绘[话题]#  #痛车定制[话题]#  #车身改色[话题]#  #上海贴膜[话题]#  #玉桂狗[话题]#  #麦通改色彩绘膜定制[话题]#  #汽车彩绘贴膜[话题]#  #彩绘定制[话题]#  #二次元车[话题]#",,1768214891000,1768445046000,63d48aa500000000280183ee,麦通改色彩绘膜定制,https://sns-avatar-qc.xhscdn.com/avatar/1040g2jo31p0tetvui8005oukhaiq30veibqic08,142,74,46,10,,"http://sns-webpic-qc.xhscdn.com/202606111059/ce7394cd44ec000a610bc1a629be53e3/spectrum/1040g0k031r84pcav6u705oukhaiq30ventc1720!nd_dft_wlteh_webp_3,http://sns-webpic-qc.xhscdn.com/202606111059/7156dd2e47f74153963b7560917e9990/spectrum/1040g0k031r84pcav6u7g5oukhaiq30veqf3bt5g!nd_dft_wlteh_webp_3,http://sns-webpic-qc.xhscdn.com/202606111059/673c92c1030197d7a6ba48479e3bb17e/spectrum/1040g0k031r84pcav6u805oukhaiq30veahm0i1o!nd_dft_wlteh_webp_3,http://sns-webpic-qc.xhscdn.com/202606111059/00f9889262c29bbb95d7930f6b7018d1/spectrum/1040g0k031r84pcav6u8g5oukhaiq30ved46vmgg!nd_dft_wlteh_webp_3,http://sns-webpic-qc.xhscdn.com/202606111059/2a4b81ccba8eaac076e0a1f33126c8f6/spectrum/1040g0k031r84pcav6u905oukhaiq30ve0cvnv4o!nd_dft_wlteh_webp_3","汽车彩绘,痛车定制,车身改色,上海贴膜,玉桂狗,麦通改色彩绘膜定制,汽车彩绘贴膜,彩绘定制,二次元车",1781146821589,https://www.xiaohongshu.com/explore/6964d16b00000000220392c9?xsec_token=ABZYoQHnhApcyTPdrzPt3Asbxmi024cDubl1TeubC1Lkw=&xsec_source=pc_search,原创车贴,ABZYoQHnhApcyTPdrzPt3Asbxmi024cDubl1TeubC1Lkw=
66e466540000000012010c0d,normal,正式介绍一下自己,"Q：为什么我们会选择一个汽车文创这么垂直的赛道？
A：当我们看见大街上「追尾必嫁」、「新手女司机」等等带有负面含义的标签作为车贴的时候，我们在思考，人是需要自我表达的，车是人的一种名片，而车贴就是这个名片的传递方式。既然车贴可以作为大家的情绪表达，那就需要有更多有意思有意义的中性标签，让大家会心一笑。知道车主是个有意思的人，而不是一个带有刻板印象的车主。
	
Q：为什么我们的定价总是被人吐槽很贵？
A：其实我们更愿意把自己定义为卖设计，一种有趣特别的设计。有人愿意为设计付费，有人更在意必需品。车贴不是必需品，但有人认为，有趣是他们生活的必需品。所以觉得贵的人，他们看到的是车贴成本；而喜欢我们的人，看到的是有趣的价值。
	
Q：为什么我们总是在预约补货？
A：我们从设计到产品打样，再到产品拍摄和上架，这只是我们一款产品的上半场，真正吃掉我们时间的，是车贴从工厂到我们这，还只是半成品的状态，我们会筛选残次品出来，将好的进行塑封真空包装。我们认为买家等了几天，攒满了期待，是需要仪式感和情绪价值的。这也是我们认为的「价值」。只能说，大家真的买的好快啊！！！
	
Q：如何看待已经出现的抄袭盗版？
A：「特别」的东西，最终都会出现「特别便宜」的抄袭。我们无法避免。其实每一件设计我们都预先申请了作品版权，但是我们的原创土壤有多少问题，大家都有目共睹，他们轻而易举的拿来主义，牟取利益。这些不是我们最在意的。我们更在意的，是他们并不是在用心做这个事情，这些有趣的设计对于他们而言只是一件普通的赚钱工具，带着这种毫无感情的思维卖出的东西，我相信是没有情绪价值的，而且商品的质量，也不会有保障，因为他们并不需要对有趣的作品负责。
	
无论如何，你们看到这里，我们非常感谢。
正如开头说的，我们在做有趣的设计，希望我们都能成为一个有趣的人。
	
#汽车车贴[话题]#  #车贴设计[话题]#  #原创设计[话题]#  #尊重原创[话题]#",,1726244436000,1755762044000,63733f33000000001f015d51,Chillttoo Market赤兔商店,https://sns-avatar-qc.xhscdn.com/avatar/1040g2jo31v2au6gr1m005orj7spnqnah30uf27g,137,18,95,39,,http://sns-webpic-qc.xhscdn.com/202606111059/12942390820b2a2412a7ea0571786f06/spectrum/1040g0k0317mmo2jngo005orj7spnqnah3jekbp8!nd_dft_wlteh_webp_3,"汽车车贴,车贴设计,原创设计,尊重原创",1781146821590,https://www.xiaohongshu.com/explore/66e466540000000012010c0d?xsec_token=AB1ywDAIpp4bwXMxvHdz5WwCA-rOnyoVa-_ONmSISjlvc=&xsec_source=pc_search,原创车贴,AB1ywDAIpp4bwXMxvHdz5WwCA-rOnyoVa-_ONmSISjlvc=
6a1e7c85000000003802023b,normal,鸣潮达妮娅×比亚迪痛车落地,"车型：比亚迪秦L
角色：达妮娅
原创设计：我
	
约设计可丝～
	
#鸣潮[话题]# #痛车[话题]# #车贴[话题]# #达妮娅[话题]# #梦中情车[话题]#",,1780382853000,1780382854000,656d19c9000000003d037fee,MaMoTan｜痛车设计｜重绘,https://sns-avatar-qc.xhscdn.com/avatar/1040g2jo31h1bgo8cji6g5pbd374vevveas6gdu8,77,15,4,19,广东,"http://sns-webpic-qc.xhscdn.com/202606111059/d12f40144c9764bb7c64c0be13eb309c/notes_pre_post/1040g3k0320teq8i3nujg5pbd374vevveb64orto!nd_dft_wlteh_webp_3,http://sns-webpic-qc.xhscdn.com/202606111059/e3ca88b960357e79d4e72763d223b5a1/notes_pre_post/1040g3k0320teq8j7nk5g5pbd374vevvec9qs9a8!nd_dft_wlteh_webp_3,http://sns-webpic-qc.xhscdn.com/202606111059/1b0a996e47cb4733121b7495d88d909d/notes_pre_post/1040g3k0320teq8j7nk605pbd374vevveqjcosl8!nd_dft_wlteh_webp_3,http://sns-webpic-qc.xhscdn.com/202606111059/c98097b12cc078576a3368f1ea570eff/notes_pre_post/1040g3k0320teq8j7nk6g5pbd374vevve7f8v9hg!nd_dft_wlteh_webp_3","鸣潮,痛车,车贴,达妮娅,梦中情车",1781146821595,https://www.xiaohongshu.com/explore/6a1e7c85000000003802023b?xsec_token=ABhWM8Gi7w4q7tgLM5jGBVLVENM9v8oKeH-n7yL3CiVQE=&xsec_source=pc_search,原创车贴,ABhWM8Gi7w4q7tgLM5jGBVLVENM9v8oKeH-n7yL3CiVQE=
685b780600000000220305ea,normal,野生塔出没,"〔買家SHOW〕_VOL.2
#武义葵霸霸原创拉花[话题]#
#阿维塔12[话题]# #阿维塔06[话题]# #阿维塔07[话题]# #阿维塔11[话题]# #车贴拉花[话题]# #车贴[话题]#",,1750824966000,1750824966000,55fa269767bc6557fc3cfb05,葵霸〔武义葵霸霸〕,https://sns-avatar-qc.xhscdn.com/avatar/65276c69ea9538d8e0d2e769.jpg,74,19,7,17,,"http://sns-webpic-qc.xhscdn.com/202606111059/759cf8ba695c8af7c14756dc8fc3bdb8/1040g2sg31j50kam8iue04161n2j9fuo5pe1vogg!nd_dft_wlteh_webp_3,http://sns-webpic-qc.xhscdn.com/202606111059/cf451205690184a4678a69275c18db3b/1040g2sg31j50kam8iueg4161n2j9fuo58u3dc5o!nd_dft_wlteh_webp_3,http://sns-webpic-qc.xhscdn.com/202606111059/4487a809702fb60e9a8106cc8b565284/1040g2sg31j50kam8iuf04161n2j9fuo5j2mcnf0!nd_dft_wlteh_webp_3","武义葵霸霸原创拉花,阿维塔12,阿维塔06,阿维塔07,阿维塔11,车贴拉花,车贴",1781146821597,https://www.xiaohongshu.com/explore/685b780600000000220305ea?xsec_token=ABMIO2RnTK1yMug6zqTbDW-V3FVakdQa-pq-29jaswmSo=&xsec_source=pc_search,原创车贴,ABMIO2RnTK1yMug6zqTbDW-V3FVakdQa-pq-29jaswmSo=
6a003be700000000070256aa,normal,全车改色膜周深周可可,#周深[话题]# #周可可[话题]# #车贴拉花定制[话题]# #全车改色膜[话题]# #卡通动漫[话题]# 周深应援车贴拉花彩绘膜卡通动漫,,1778400231000,1778400231000,6241a5440000000021020dd6,膜语言车贴拉花厂家直销,https://sns-avatar-qc.xhscdn.com/avatar/seller_69d46c544dc32f0001216678,63,7,4,13,,"http://sns-webpic-qc.xhscdn.com/202606111059/8c933a6f4ea39e6b88150e99df54736f/notes_pre_post/1040g3k831vvt08tgjq8g5oi1kl28c3emitf8680!nd_dft_wlteh_webp_3,http://sns-webpic-qc.xhscdn.com/202606111059/26063c916239ecd1bd2e7b373ff3af2b/notes_pre_post/1040g3k831vvt08tgjq905oi1kl28c3em46fk870!nd_dft_wlteh_webp_3,http://sns-webpic-qc.xhscdn.com/202606111059/c22a2397cd22f061332ed7e0de6a3845/notes_pre_post/1040g3k831vvt08tgjq9g5oi1kl28c3emneh3r78!nd_dft_wlteh_webp_3,http://sns-webpic-qc.xhscdn.com/202606111059/8f6e70b1f7827af4fbd16470a81c4622/notes_pre_post/1040g3k831vvt08tgjqa05oi1kl28c3emurud230!nd_dft_wlteh_webp_3,http://sns-webpic-qc.xhscdn.com/202606111059/aff10d4cb95ff648f665e3b97877fb93/notes_pre_post/1040g3k831vvt08tgjqag5oi1kl28c3eme8btiqo!nd_dft_wlteh_webp_3","周深,周可可,车贴拉花定制,全车改色膜,卡通动漫",1781146821598,https://www.xiaohongshu.com/explore/6a003be700000000070256aa?xsec_token=ABTcLDC5iVFt58J-IJ-BmNURQmc_AzFac7O38r9st-gCQ=&xsec_source=pc_search,原创车贴,ABTcLDC5iVFt58J-IJ-BmNURQmc_AzFac7O38r9st-gCQ=
69bcead3000000001a021af3,normal,极氪车主在哪里属于你的宠物定制车标来了～,"极氪怎么贴？两块小贴片贴在车标凹槽内就行～
把自己的小可爱定制在车标上！每天出门都能见到它💓
车友聚会或者开车路上回头率百分百，特别定制宠物款车标。真的很吸睛💯
	
手工DIY定制珐琅车标，进行中～
来图设计，有过上千款作品经验的老师全程制作！
	
#极氪[话题]##极氪车标定制[话题]##车标DIY[话题]# #掐丝珐琅车标[话题]# #掐丝珐琅[话题]##纯手工制作[话题]##宠物定制[话题]##极氪001[话题]#",,1773988563000,1773988564000,66ed5d24000000001d022273,沪泰蓝（掐丝珐琅）,https://sns-avatar-qc.xhscdn.com/avatar/1040g2jo31vulr011jq005pndbki7c8jj2caqkbg,62,29,28,134,,"http://sns-webpic-qc.xhscdn.com/202606111059/fedd0774518581f808dcc31219ac796c/1040g2sg31tu5j5kvn2e05pndbki7c8jjhnh6ct0!nd_dft_wlteh_webp_3,http://sns-webpic-qc.xhscdn.com/202606111059/305a9faa8faad2878f62fac280e3de8e/1040g2sg31tu5j5kvn2eg5pndbki7c8jjedp32v8!nd_dft_wlteh_webp_3,http://sns-webpic-qc.xhscdn.com/202606111059/6f23e8c016a8bedd80b7804660d332b7/1040g2sg31tu5j5kvn2f05pndbki7c8jjaj1966o!nd_dft_wlteh_webp_3,http://sns-webpic-qc.xhscdn.com/202606111059/93e26c5fbe6f15579075539903c8f104/1040g2sg31tu5j5kvn2fg5pndbki7c8jj1fnk8lg!nd_dft_wlteh_webp_3","极氪,极氪车标定制,车标DIY,掐丝珐琅车标,掐丝珐琅,纯手工制作,宠物定制,极氪001",1781146821604,https://www.xiaohongshu.com/explore/69bcead3000000001a021af3?xsec_token=ABklalh1a9q0wueIktT8lx3jCw9tXmdtLaU3xFjDM1_Ws=&xsec_source=pc_search,原创车贴,ABklalh1a9q0wueIktT8lx3jCw9tXmdtLaU3xFjDM1_Ws=
69be1dd70000000023024b54,normal,营口车主看过来✨理想L6星星人涂装太绝了！,"谁懂啊家人们！把奶fufu的星星人贴在理想L6上，简直是行走的可爱炸弹💥
	
• 奶白底色+暖黄星星✨，温柔又显高级，营口的冬天开出去都变治愈了
	
• 原创卡通形象，辨识度拉满，停在万达门口回头率100%
	
• 营口本地贴膜店施工，细节拉满，包边包角超平整
	
📍坐标：营口
💬 想给爱车换个可爱画风的宝子，戳我看更多案例！
#营口汽车贴膜[话题]# #理想L6改装[话题]# #星星人涂装[话题]# #营口同城[话题]# #汽车改色贴膜[话题]#",,1774067159000,1774067159000,5b1677b14eacab0377731938,XPEL营口汽车贴膜,https://sns-avatar-qc.xhscdn.com/avatar/fe938b50-4c5d-3272-b9e6-1d864df66c5d,51,21,6,52,,"http://sns-webpic-qc.xhscdn.com/202606111100/ddf5f8aa818a3e3f1767929fbd171e5d/notes_pre_post/1040g3k031tvbb2os1a004a5v1brr269oeoohgmo!nd_dft_wlteh_webp_3,http://sns-webpic-qc.xhscdn.com/202606111100/2ddb9e470c235bea1324e255503f50a0/notes_pre_post/1040g3k031tvbb2os1a0g4a5v1brr269os542d20!nd_dft_wlteh_webp_3","营口汽车贴膜,理想L6改装,星星人涂装,营口同城,汽车改色贴膜",1781146821606,https://www.xiaohongshu.com/explore/69be1dd70000000023024b54?xsec_token=ABXQQgEt6zGIschbA87DEU5uYXo_n6qgL76ALv1t4ngN4=&xsec_source=pc_search,原创车贴,ABXQQgEt6zGIschbA87DEU5uYXo_n6qgL76ALv1t4ngN4=
671a14a0000000002100b5b1,normal,能看到最后，真有礼的,"Chilltto Market
自从8月30号正式进入大众视野，
2个月不到的时间里收获了非常多支持我们的朋友。
	
最近我们建了一个“没有车标”的车友群，[暗中观察R]
有很多买过的朋友可能还不知道。
所以我们诚邀各位朋友进群聊聊[派对R]
	
#原创车贴[话题]# #汽车车贴[话题]# #车贴[话题]# #汽车薯[话题]# #chillttoo[话题]# #原创设计[话题]# #汽车文创[话题]#",,1729762464000,1729762465000,63733f33000000001f015d51,Chillttoo Market赤兔商店,https://sns-avatar-qc.xhscdn.com/avatar/1040g2jo31v2au6gr1m005orj7spnqnah30uf27g,53,7,32,11,,"http://sns-webpic-qc.xhscdn.com/202606111100/6059b2aeaf7562a0a2611ae978bfeb4b/1040g008319b58c625o005orj7spnqnahjmj5l1o!nd_dft_wlteh_webp_3,http://sns-webpic-qc.xhscdn.com/202606111100/09e35c11dd6854b3cbf5589f58cb9251/1040g008319b58c625o0g5orj7spnqnahorpr3a8!nd_dft_wlteh_webp_3,http://sns-webpic-qc.xhscdn.com/202606111100/ad6665b1cf11a464bd0f3b4bdcdefc3a/1040g008319b58c625o105orj7spnqnahs5cnkgg!nd_dft_wlteh_webp_3,http://sns-webpic-qc.xhscdn.com/202606111100/3fcd22fe1f64cdb0893abaf5b1d936a7/1040g008319b58c625o1g5orj7spnqnah5t6iej8!nd_dft_wlteh_webp_3","原创车贴,汽车车贴,车贴,汽车薯,chillttoo,原创设计,汽车文创",1781146821608,https://www.xiaohongshu.com/explore/671a14a0000000002100b5b1?xsec_token=ABH2EAJHJffZvfp_qiRriVv3Y-R3Spd2-45gkGk5ibgHk=&xsec_source=pc_search,原创车贴,ABH2EAJHJffZvfp_qiRriVv3Y-R3Spd2-45gkGk5ibgHk=
6980553b000000002202e06c,normal,极氪7X 定制彩绘卡皮巴拉,#极氪X[话题]# #极氪7X[话题]# #定制彩绘[话题]# #卡皮巴拉[话题]# #上海IG弈格车之道[话题]#,,1770026484000,1770018108000,63ea25030000000026006191,弈格车之道 | 超人,https://sns-avatar-qc.xhscdn.com/avatar/1040g2jo311nidukv0c6g5ova4k1pgochr52prl0,47,21,9,109,,"http://sns-webpic-qc.xhscdn.com/202606111100/b1a700409b3c0cb2129c4592d3202be2/notes_pre_post/1040g3k031s30j5h34c1g5ova4k1pgochh9ve5b8!nd_dft_wlteh_webp_3,http://sns-webpic-qc.xhscdn.com/202606111100/309f26c145019dcaad5b466d88ef63d0/notes_pre_post/1040g3k031s30j5h34c605ova4k1pgochu4887mo!nd_dft_wlteh_webp_3,http://sns-webpic-qc.xhscdn.com/202606111100/0b3db7ae0b04ccfce6fe14539444bd05/notes_pre_post/1040g3k031s30j5h34c0g5ova4k1pgochebsiuag!nd_dft_wlteh_webp_3,http://sns-webpic-qc.xhscdn.com/202606111100/81bda0e5507e9ee2b03810229a39a255/notes_pre_post/1040g3k031s30j5h34c3g5ova4k1pgochcvf1vho!nd_dft_wlteh_webp_3,http://sns-webpic-qc.xhscdn.com/202606111100/2e9379b7dc3a43d5ac870aa0ed9e7067/notes_pre_post/1040g3k031s30j5h34c505ova4k1pgochoerkrug!nd_dft_wlteh_webp_3,http://sns-webpic-qc.xhscdn.com/202606111100/44cd392d13d30b261e6da189283dfce4/notes_pre_post/1040g3k031s30j5h34c105ova4k1pgoch1pr6tt0!nd_dft_wlteh_webp_3","极氪X,极氪7X,定制彩绘,卡皮巴拉,上海IG弈格车之道",1781146821611,https://www.xiaohongshu.com/explore/6980553b000000002202e06c?xsec_token=ABg40HGoEvt2BhD6wqkRxYSe2AlgbctZsHHimeYFrwuNA=&xsec_source=pc_search,原创车贴,ABg40HGoEvt2BhD6wqkRxYSe2AlgbctZsHHimeYFrwuNA=
697ef57e000000000c034b4e,normal,原创汽车贴纸设计｜又出🐆款啦,"[暗中观察R]老板说最近都是每天几千单
人物贴也已上架，预祝老板大麦
	
老板给了一个车贴需求
我说都是动物的，换个思路画人的吧，有差异比较好卖就出来这个设计啦
	
#图案设计[话题]# #卡通图案[话题]# #车贴[话题]#",,1769928062000,1769928110000,6050739b0000000001008b1d,插画师奶酪（有课）,https://sns-avatar-qc.xhscdn.com/avatar/631939fc7954db21e86242f9.jpg,47,6,2,2,,"http://sns-webpic-qc.xhscdn.com/202606111100/4eccf267af7c2da94c01d2a944c5c526/notes_pre_post/1040g3k831s1lhir3jub05o2geedg92otlpe9iao!nd_dft_wlteh_webp_3,http://sns-webpic-qc.xhscdn.com/202606111100/f3c6747d79354bfe0ecd1a7c9a89718d/notes_pre_post/1040g3k831s1lhir3juag5o2geedg92ot1kjp7fo!nd_dft_wlteh_webp_3,http://sns-webpic-qc.xhscdn.com/202606111100/579afd4c0464a48b9359201dc6d2a0ea/notes_pre_post/1040g3k831s1lhir3jubg5o2geedg92ots2glak8!nd_dft_wlteh_webp_3,http://sns-webpic-qc.xhscdn.com/202606111100/382990f6439a672a11562c589c325c32/notes_pre_post/1040g3k831s1lhir3ju905o2geedg92otnkk8dvg!nd_dft_wlteh_webp_3","图案设计,卡通图案,车贴",1781146821615,https://www.xiaohongshu.com/explore/697ef57e000000000c034b4e?xsec_token=ABkJKix6DC7__2ag5ngoUFR3Ty93_lEOSjoli4cIOPgPU=&xsec_source=pc_search,原创车贴,ABkJKix6DC7__2ag5ngoUFR3Ty93_lEOSjoli4cIOPgPU=
67ed4878000000001d0096a9,normal,画车贴啦！（筹备中,"小红书逛了一圈，
最后还是决定自己画车贴
（虽然还是先买个人生海海吧[萌萌哒R]）
老师们有什么可以定制车贴的店，请推荐给我！
唯一担心就是店家自印二次销售
#wmls[话题]# #五月天[话题]# #车贴[话题]#",,1743603832000,1743603832000,5b4fece96b58b759eebbe8d8,喂蝦米🥕,https://sns-avatar-qc.xhscdn.com/avatar/1040g2jo31bfk23vlh26g4a79h3mejq6osaekbo8,38,15,42,1,,http://sns-webpic-qc.xhscdn.com/202606111100/1d7e15f481cff2e7ec7148298ed6c098/1040g2sg31fpd9f78gcd04a79h3mejq6o3db8fa8!nd_dft_wlteh_webp_3,"wmls,五月天,车贴",1781146821617,https://www.xiaohongshu.com/explore/67ed4878000000001d0096a9?xsec_token=ABQFX9yMaP379-nvCWm_rA-tdZ5vn88fLOUzGs1Y83mic=&xsec_source=pc_search,原创车贴,ABQFX9yMaP379-nvCWm_rA-tdZ5vn88fLOUzGs1Y83mic=
6a1021bc000000003601dac0,normal,pinknoise💗正式介绍一下自己,"哈喽👋🏻这里是pinknoise💗
	
💖名字由来
品牌取自“粉色噪音（pinknoise）”声学概念，代表纯粹、狂热、友善的‮爱热‬与调性，寓意对‮车汽‬文化‮专的‬一坚持。
	
💕人设（思晴）
「思晴」是pinknoise专‮原属‬创二次元车系IP，以粉色短‮少发‬女形象‮核为‬心，结合赛车、改装、街头潮流元素，塑造出‮爱热‬汽车文化的年‮化轻‬人设。IP贯穿品牌全‮产线‬品与内容创作，是国内汽‮圈车‬层高辨识度的‮创原‬二次‮车元‬文化符号，也是品牌‮圈破‬传播的核‮载心‬体。
	
💓创立品牌初衷
""PINKNOISE""是一家服务于设计、IP品牌最专业的“贴纸制造工厂”
pinknoise希望‮破打‬传统‮装改‬文化的硬‮壁核‬垒，以原创二次元IP「思晴」为‮心核‬载体，融合各国街‮风头‬格、本土玩车‮化文‬与青‮潮春‬流美学，打造‮适更‬配中国年轻车‮审主‬美、更接地气‮汽的‬车潮流体系。
	
我们一直将原创作品变成贴纸以及其他周边、汽车用品等让更多人能把潮流文化放到不同场景。
	
💞我们的核心业务
- 原创文创贴纸设计：全套风格定制、主题系列贴纸、套装组合贴纸设计
- 文旅IP贴纸定制：景区地标、城市文创、博物馆文物、古风国风系列贴纸
- 品牌商业贴纸：品牌LOGO贴纸、包装封口贴、店铺装饰贴、产品不干胶贴纸
- 活动定制贴纸：展会、团建、校庆、快闪活动主题贴纸
- IP形象衍生贴纸：卡通IP、吉祥物、萌宠人物形象延展贴纸套装
- 生产落地服务：覆膜、磨砂、透明、镭射、异形模切等工艺打样与批量生产
	
广州自有工厂,支持一件起订和少量定制隔日发货
	
#pinknoise[话题]# #原创车贴[话题]# #车贴定制[话题]# #汽车薯[话题]# #车贴[话题]# #贴纸定制[话题]# #原创贴纸[话题]# #一件起订[话题]# #广州自有工厂[话题]#",,1779445842000,1779442109000,606146a9000000000100926d,pinknoise,https://sns-avatar-qc.xhscdn.com/avatar/1040g2jo31o4jrfc8mm005o318qkg94jdeq5bhlo,36,8,11,4,广东,"http://sns-webpic-qc.xhscdn.com/202606111100/86d051f7315c97ae170dcdd7d12b0505/notes_pre_post/1040g3k8320fdt9gnme705o318qkg94jd3l03f90!nd_dft_wlteh_webp_3,http://sns-webpic-qc.xhscdn.com/202606111100/e4530e6110ca63b9c394edd2f75c849e/notes_pre_post/1040g3k8320fdt9gnme7g5o318qkg94jdgkb3u9o!nd_dft_wlteh_webp_3","pinknoise,原创车贴,车贴定制,汽车薯,车贴,贴纸定制,原创贴纸,一件起订,广州自有工厂",1781146821620,https://www.xiaohongshu.com/explore/6a1021bc000000003601dac0?xsec_token=ABonKVneOxQsnI3xz6h90Ad88WjbOReXypPDl012IgSBA=&xsec_source=pc_search,原创车贴,ABonKVneOxQsnI3xz6h90Ad88WjbOReXypPDl012IgSBA=
69c16873000000001f006900,normal,关于路牌车贴，我这里还有新的内容,"那就是粤西系列已经做完了[害羞R][害羞R][害羞R]
阳江、湛江和茂名的粉丝可以继续留意更新[偷笑R][偷笑R][偷笑R]
而且还顺带做了福建厦门[暗中观察R]
没别的，这是我第一次出省去旅游的城市
而且还是第一次出差的城市
	
关于设计的话[抠鼻R]
粤北和粤东我在推进当中[派对R]
而全国系列我只能有空再做，可能会比较慢[汗颜R]
毕竟精力有限，除了做视频做设计以外[可怜R]
还要照顾家庭承担压力[叹气R]
	
对了，全国系列和广东/大湾区系列有所不同
全国系列是简体字为主
底下英文部分我能用当地语言我就用
用不了我就使用普通话拼音
	
阿伯
24/3/2026
#车贴[话题]# #汽车[话题]# #汽车文化[话题]# #招牌设计[话题]# #标志[话题]# #路标指示牌[话题]# #标识标牌[话题]# #交通指示牌[话题]#",,1774282867000,1775092539000,5c172cee0000000005005820,阿伯好冷门,https://sns-avatar-qc.xhscdn.com/avatar/seller_69c2a99a324be40001249d17,29,8,14,2,,"http://sns-webpic-qc.xhscdn.com/202606111100/a875a954308b6b89737f765b0b02235c/spectrum/1040g0k031u2hsvuf1a005n0n5jn18m10chvnmto!nd_dft_wgth_webp_3,http://sns-webpic-qc.xhscdn.com/202606111100/b49638cfa013b257ee73bf0e03463388/spectrum/1040g0k031u31e1pigo005n0n5jn18m102lc9l3o!nd_dft_wgth_webp_3,http://sns-webpic-qc.xhscdn.com/202606111100/5597ed6dde18cf0eef33b8a72ef7459e/spectrum/1040g0k031u2i2u5qgs005n0n5jn18m10as1f44o!nd_dft_wgth_webp_3,http://sns-webpic-qc.xhscdn.com/202606111100/2b28a0bf77d8eb620644e344c74bee79/spectrum/1040g34o31u2ht24k0o105n0n5jn18m106k3v8fo!nd_dft_wgth_webp_3","车贴,汽车,汽车文化,招牌设计,标志,路标指示牌,标识标牌,交通指示牌",1781146821626,https://www.xiaohongshu.com/explore/69c16873000000001f006900?xsec_token=ABzSAYr15bE5E8JZqM8Org4JJQYBHdFVHPAi71MZr2bSU=&xsec_source=pc_search,原创车贴,ABzSAYr15bE5E8JZqM8Org4JJQYBHdFVHPAi71MZr2bSU=
6a0749370000000035032606,normal,塞纳｜格瑞维亚｜原创车贴免费送,"塞纳、格瑞维亚车贴，感兴趣的➕一下，有一定数量我就做一批实体的免费送
另外大家有需要什么风格的车贴可以许愿，我可以创作让大家投票，最终打印免费送给车友[大笑R][大笑R][大笑R]#丰田塞纳[话题]# #丰田格瑞维亚[话题]# #格瑞维亚[话题]# #塞纳[话题]# #低趴姿态[话题]# #汽车壁纸[话题]# #改装车文化[话题]#",,1778862391000,1778862392000,60aa742a00000000010069f8,棉棉的花园,https://sns-avatar-qc.xhscdn.com/avatar/1040g2jo31f6h6tsamm005o5aegl08qfo05soim0,28,12,51,1,四川,"http://sns-webpic-qc.xhscdn.com/202606111100/3c1465fdb0e86cba9935e433b565dedb/1040g2sg3206ptqe85ke05o5aegl08qfodsvgm0g!nd_dft_wlteh_webp_3,http://sns-webpic-qc.xhscdn.com/202606111100/1a5f2b4b50b52b8d98fba7d3f3349df5/1040g2sg3206ptqe85keg5o5aegl08qforn03vl8!nd_dft_wlteh_webp_3,http://sns-webpic-qc.xhscdn.com/202606111100/29d8ef9f281bbae0a5774aa72549d250/1040g2sg3206ptqe85kf05o5aegl08qfock7fa80!nd_dft_wlteh_webp_3","丰田塞纳,丰田格瑞维亚,格瑞维亚,塞纳,低趴姿态,汽车壁纸,改装车文化",1781146821628,https://www.xiaohongshu.com/explore/6a0749370000000035032606?xsec_token=ABsfqCJlLzarPhCvvV4bVHnvSxhXdPUWWnYdSP7Rx9NiI=&xsec_source=pc_search,原创车贴,ABsfqCJlLzarPhCvvV4bVHnvSxhXdPUWWnYdSP7Rx9NiI=
6a1bfa5800000000070222e0,normal,相信相信的力量,"所有由我亲手选择并促成的东西，都将成为我往后人生里沉稳结实的锚
	
万难皆可破，万事皆可期
	
_
#信念的力量[话题]#
#believeyourself[话题]#
#哥特体[话题]# #汽车手绘[话题]##车贴[话题]#",,1780218456000,1780218457000,6533e8ca0000000006007eef,山隱會s44,https://sns-avatar-qc.xhscdn.com/avatar/1040g2jo31ophq2ng1k005p9jt351gvnfe7mb9q0,26,5,2,,江苏,"http://sns-webpic-qc.xhscdn.com/202606111100/bef25e58f8774c6ca6766742339b7d7a/notes_pre_post/1040g3k0320qvr2286e005p9jt351gvnfo4nkkj0!nd_dft_wlteh_webp_3,http://sns-webpic-qc.xhscdn.com/202606111100/98ee37ddd1df10be8cd4856816c0281b/notes_pre_post/1040g3k0320qvr2286e0g5p9jt351gvnf085421g!nd_dft_wlteh_webp_3","信念的力量,believeyourself,哥特体,汽车手绘,车贴",1781146821632,https://www.xiaohongshu.com/explore/6a1bfa5800000000070222e0?xsec_token=ABGuw1YMxgpfcoBhZ6hvlaqX90dxBD_OUXwhlZ2J0gSDg=&xsec_source=pc_search,原创车贴,ABGuw1YMxgpfcoBhZ6hvlaqX90dxBD_OUXwhlZ2J0gSDg=
65a888ec000000002802b1c6,normal,常换常新😆,"看到实习应该会让着我点吧哈哈哈哈哈哈哈哈
#我的第一辆车[话题]#",,1705543916000,1705543916000,6444ff82000000001002ab5b,爆爆,https://sns-avatar-qc.xhscdn.com/avatar/6445004f3efe33e0b0d88248.jpg,3.9万,4501,1.6万,3681,,http://sns-webpic-qc.xhscdn.com/202606111110/3582100eb4aaad8017aa33bb18510e07/1040g2sg30u28ufao4e005p24vu145aqrngv7q8o!nd_dft_wlteh_webp_3,我的第一辆车,1781147467787,https://www.xiaohongshu.com/explore/65a888ec000000002802b1c6?xsec_token=ABTukAU8E0Zsf5P73pr7sJoW9Xe0qx71ib6WJQxNOU2zc=&xsec_source=pc_search,创意车贴,ABTukAU8E0Zsf5P73pr7sJoW9Xe0qx71ib6WJQxNOU2zc=
69dc9350000000001a022880,video,看得出来他真的很小心了。。。后面那个也是 #小米su7[话题]# #新手司机[话题]# #问界[话题]##实习车贴[话题]#,看得出来他真的很小心了。。。后面那个也是 #小米su7[话题]# #新手司机[话题]# #问界[话题]##实习车贴[话题]#,http://sns-video-v3.xhscdn.com/stream/79/110/259/01e9dc9342563696010370039d859fa0ea_259.mp4?sign=dbecb58e79c523ceafff920196a1c38a&t=6a2ec461,1776063312000,1776071144000,5b1bcf22f7e8b91b656931c1,啥名重要吗？,https://sns-avatar-qc.xhscdn.com/avatar/1040g2jo31uurap1mii604a63vk7i4ce12n6j68g,3.1万,2090,1993,1.3万,,http://sns-webpic-qc.xhscdn.com/202606111110/29aaddceeba9b6124b97da2280108d49/1040g2sg31ut36kph2q6g4a63vk7i4ce107o8o9g!nd_dft_wlteh_webp_3,"小米su7,新手司机,问界,实习车贴",1781147467791,https://www.xiaohongshu.com/explore/69dc9350000000001a022880?xsec_token=ABQqzjQVbUHFxjAkbX2GbPitGS8NlPSsUfKFSebRXdH8A=&xsec_source=pc_search,创意车贴,ABQqzjQVbUHFxjAkbX2GbPitGS8NlPSsUfKFSebRXdH8A=
69e88f5f000000001f007430,normal,新能源车主的幽默感，不能不服……🤦‍♂️,"红灯停车，
看到前面这辆小鹏的车尾，额……
倒是怪有意思的 😅
一点不违和，
还省下一笔修理费……
	
#新能源汽车[话题]# #小鹏[话题]# #有车以后的松弛感[话题]# #上海生活[话题]# #车主日记[话题]# #自驾探索编辑部[话题]# #搞笑[话题]# #汽车装饰[话题]# #爱车[话题]#",,1776848735000,1776848736000,56738ee3b8ce1a6f8fb3dad9,魔都生活观察家,https://sns-avatar-qc.xhscdn.com/avatar/1040g2jo30t2qbvn3400044dsqn7e7mmp60dta60,1.3万,886,1448,4122,,http://sns-webpic-qc.xhscdn.com/202606111110/950e518d80da6775d2c4d3119c0deb8e/notes_uhdr/1040g3qo31v8pns8b2g7044dsqn7e7mmphugrsl0!nd_dft_wgth_webp_3,"新能源汽车,小鹏,有车以后的松弛感,上海生活,车主日记,自驾探索编辑部,搞笑,汽车装饰,爱车",1781147467793,https://www.xiaohongshu.com/explore/69e88f5f000000001f007430?xsec_token=ABp-gndioIYQHJajTFJfjJElXuIbbpzWjQHLRL5349Zuo=&xsec_source=pc_search,创意车贴,ABp-gndioIYQHJajTFJfjJElXuIbbpzWjQHLRL5349Zuo=
6a0293d90000000006034833,normal,发现野生炫彩+了不起,还是个疾行#洛克王国世界[话题]# #炫彩[话题]# #了不起的天分[话题]#,,1778553817000,1778553818000,5fb64705000000000101f029,Brilvil,https://sns-avatar-qc.xhscdn.com/avatar/1040g2jo3206dqdv7me705ntm8s2gbs197tcid8g,8064,407,583,6146,,"http://sns-webpic-qc.xhscdn.com/202606111110/3579cedd8f9e6e6a32f86eb64fcd44db/notes_uhdr/1040g3qo32026pall2g705ntm8s2gbs19ekuvfuo!nd_dft_wlteh_webp_3,http://sns-webpic-qc.xhscdn.com/202606111110/b314d85c598b81145a8d872e284b00d1/notes_uhdr/1040g3qo32026pall2g7g5ntm8s2gbs19qtj0ja0!nd_dft_wlteh_webp_3","洛克王国世界,炫彩,了不起的天分",1781147467794,https://www.xiaohongshu.com/explore/6a0293d90000000006034833?xsec_token=ABEfOjWQaYveO_Jeg1pozpv_Qyz5RKzrRQAQPnW6l-vbQ=&xsec_source=pc_search,创意车贴,ABEfOjWQaYveO_Jeg1pozpv_Qyz5RKzrRQAQPnW6l-vbQ=
65e33c6200000000030365bf,normal,路人回头率最高的贴纸😛,#大众[话题]# #大众ID3[话题]# #汽车贴纸[话题]# #ID[话题]#,,1709390946000,1709390946000,62ac326f000000001902bb16,蔡师傅,https://sns-avatar-qc.xhscdn.com/avatar/62ac326f000000001902bb16.jpg,6729,675,567,482,,"http://sns-webpic-qc.xhscdn.com/202606111110/859c4df04e19753ebcbecb9c5983aa5f/1040g00830vrjbk8a5o005olc69nmdeomcai5a2g!nd_dft_wlteh_webp_3,http://sns-webpic-qc.xhscdn.com/202606111110/99794d2d2eebe53c23e19784f3ed676f/1040g00830vrjbk8a5o0g5olc69nmdeomb79hmgg!nd_dft_wlteh_webp_3,http://sns-webpic-qc.xhscdn.com/202606111110/4670c5314fd0a5bae0c8ed5eb5b259b9/1040g00830vrjbk8a5o105olc69nmdeomlhnto40!nd_dft_wlteh_webp_3","大众,大众ID3,汽车贴纸,ID",1781147467795,https://www.xiaohongshu.com/explore/65e33c6200000000030365bf?xsec_token=ABrJfqCUyunAQKtsC2x3SWG0Ux16e067GInu0gLX2Kaog=&xsec_source=pc_search,创意车贴,ABrJfqCUyunAQKtsC2x3SWG0Ux16e067GInu0gLX2Kaog=
6666e095000000000c01b77a,normal,为爱动物人士狠狠点了！,"车上贴了抵制虐待动物、抵制虐待猫咪的贴纸
侧面贴了为奶牛猫发声的贴纸
狠狠点了！
可爱的特斯拉车主
（韭皇蓝牌modelX也很可爱哈哈哈哈哈哈哈dbq）
	
#反虐待动物[话题]# #动物保护[话题]# #感动瞬间[话题]# #爱车[话题]# #汽车[话题]# #爱护动物[话题]# #车贴[话题]#",,1718018197000,1718018197000,54771644d6e4a93b070f5bde,怂蛋堡,https://sns-avatar-qc.xhscdn.com/avatar/1040g2jo31s4abff1m800400naub48muu5vlb7d0,6581,130,1013,170,,http://sns-webpic-qc.xhscdn.com/202606111110/b8df780ab80720f28a5b75dc7a3d6ab4/1040g008313s553g3ho00400naub48muu2cau15o!nd_dft_wlteh_webp_3,"反虐待动物,动物保护,感动瞬间,爱车,汽车,爱护动物,车贴",1781147467797,https://www.xiaohongshu.com/explore/6666e095000000000c01b77a?xsec_token=ABfle29ZbhDxZCT1KO3ZCPTSX8Jafr6qIds7Qh4DTA7lQ=&xsec_source=pc_search,创意车贴,ABfle29ZbhDxZCT1KO3ZCPTSX8Jafr6qIds7Qh4DTA7lQ=
6962613f000000001a035b55,normal,小米yu7限定拉花,"猫大师的作品 有点舍不得洗车了
#小米汽车[话题]# #小米yu7[话题]# #黑武士[话题]# #黑武士yu7[话题]# #小猫咪[话题]# #大玩具[话题]##猫大师[话题]# #小脚印[话题]#",,1768055103000,1768055104000,685d6cb4000000001b022aee,gmarioy,https://sns-avatar-qc.xhscdn.com/avatar/688aeade20c909379c1e17eb.jpg,6420,91,217,378,,"http://sns-webpic-qc.xhscdn.com/202606111110/213d4f28050f072c57729cd17f452565/notes_pre_post/1040g3k031r5oilj0nu005q2tdiq6sanecerdnig!nd_dft_wlteh_webp_3,http://sns-webpic-qc.xhscdn.com/202606111110/de5c637b60cc735dd3c51f858f45db62/notes_pre_post/1040g3k031r5oilj0nu105q2tdiq6sane1sd0ofo!nd_dft_wlteh_webp_3,http://sns-webpic-qc.xhscdn.com/202606111110/17af415cdaea533c1908bbc249a1b256/notes_pre_post/1040g3k031r5oilj0nu0g5q2tdiq6saneasrdhg8!nd_dft_wlteh_webp_3,http://sns-webpic-qc.xhscdn.com/202606111110/692203bf0a64d007e86a0996d9abe132/notes_pre_post/1040g3k031r5oilj0nu1g5q2tdiq6sane05u739g!nd_dft_wlteh_webp_3","小米汽车,小米yu7,黑武士,黑武士yu7,小猫咪,大玩具,猫大师,小脚印",1781147467798,https://www.xiaohongshu.com/explore/6962613f000000001a035b55?xsec_token=ABPlHhf3BfDLMG8Nk1wq1c3rAOI78CyTR2w6QtssngIaY=&xsec_source=pc_search,创意车贴,ABPlHhf3BfDLMG8Nk1wq1c3rAOI78CyTR2w6QtssngIaY=
6897ff960000000025017d2b,normal,笑si了,哈哈哈哈哈哈哈哈哈哈哈哈哈哈哈哈哈哈被人贴标签了，下回还乱停车吧[doge]#恶搞搞笑[话题]#,,1754791830000,1754791831000,5a1c3ac811be10793a3c63b9,莫挨劳资,https://sns-avatar-qc.xhscdn.com/avatar/1040g2jo31ff6ktqdls0049vug2tcgotp4nsrmao,5127,445,1362,3263,,"http://sns-webpic-qc.xhscdn.com/202606111110/5c8c599a849b7b17965ea1b2a9a4ca80/1040g00831l0438ck360g49vug2tcgotppuse1o0!nd_dft_wlteh_webp_3,http://sns-webpic-qc.xhscdn.com/202606111110/d3f953b3df0f05963ecc4f1d75bf723a/1040g00831l0438ck360049vug2tcgotpvl8idgg!nd_dft_wlteh_webp_3",恶搞搞笑,1781147467800,https://www.xiaohongshu.com/explore/6897ff960000000025017d2b?xsec_token=ABjMXrMKw5LahGTMB1k-KNTwud-_biqXjz_1QP0Z2Okh0=&xsec_source=pc_search,创意车贴,ABjMXrMKw5LahGTMB1k-KNTwud-_biqXjz_1QP0Z2Okh0=
699e8e78000000001a01cecd,normal,黑a是车牌号，不是滴滴车的颜色。,"请别看错嗷
哈尔滨的司机承包了我一天的笑点。谁懂
好多人啊，顺手发的帖子，另外这个贴纸是贴在车里的左手边的，所以外面的人看不到的[捂脸R][捂脸R]#哈尔滨[话题]# #网约车[话题]#",,1771998840000,1772021387000,65c8840b000000000b038a2a,匆匆818🌾🍑,https://sns-avatar-qc.xhscdn.com/avatar/1040g2jo31go6ns0t3i605pe8gg5iv2haq2b6rro,5083,278,833,1387,,http://sns-webpic-qc.xhscdn.com/202606111110/404204778f9877e77e9e9ebb9f494f50/note_pre_post_uhdr/1040g3r031t0gsthtls405pe8gg5iv2hao479ofg!nd_dft_wlteh_webp_3,"哈尔滨,网约车",1781147467801,https://www.xiaohongshu.com/explore/699e8e78000000001a01cecd?xsec_token=ABSUUtjA2C1kLmztSpSgI4dnyd3X-DnRl7NVDIe9Dedwg=&xsec_source=pc_search,创意车贴,ABSUUtjA2C1kLmztSpSgI4dnyd3X-DnRl7NVDIe9Dedwg=
64ae0f31000000001503218e,normal,这是什么？我先吃！,自己用拼豆做了一个卡比车贴！（附一个被吃掉的beetle#拼豆[话题]# #星之卡比[话题]# #奥迪[话题]# #奥迪A6L[话题]# #车贴[话题]# #卡比[话题]##甲壳虫[话题]#,,1689128753000,1689150662000,5c75386a00000000100164e4,ZEUsnoopy,https://sns-avatar-qc.xhscdn.com/avatar/1040g2jo31trp3mg372005n3l71l42p74cgttm4g,5038,878,340,1018,,"http://sns-webpic-qc.xhscdn.com/202606111110/d1c612e6c744757e9601f38c68d9dfa1/1000g0082pmmcmmmjm0005n3l71l42p746ehmfro!nd_dft_wlteh_webp_3,http://sns-webpic-qc.xhscdn.com/202606111110/20f841617cefed4cdbfc183ce567b66f/1000g0082pmmcmmmjm00g5n3l71l42p743u4kp68!nd_dft_wlteh_webp_3,http://sns-webpic-qc.xhscdn.com/202606111110/fa947d0ce450eac4c0d4f80f44a6f654/1000g0082po00qn0ju00g5n3l71l42p74mvfuvjo!nd_dft_wlteh_webp_3","拼豆,星之卡比,奥迪,奥迪A6L,车贴,卡比,甲壳虫",1781147467802,https://www.xiaohongshu.com/explore/64ae0f31000000001503218e?xsec_token=AB8YvJExhpxo5AU1cOwSubfFK0klGlq-WWrLijan13fNQ=&xsec_source=pc_search,创意车贴,AB8YvJExhpxo5AU1cOwSubfFK0klGlq-WWrLijan13fNQ=
687dfac0000000001202cb81,normal,🩷🤍🩷,给车车换了件kt的新衣服#kitty[话题]##kitty车[话题]#,,1753086656000,1753103915000,6527f998000000002b0010db,小小瑱,https://sns-avatar-qc.xhscdn.com/avatar/1040g2jo31o5b3l0emm005p97v6cao46r5lbjbj8,4779,971,186,783,,"http://sns-webpic-qc.xhscdn.com/202606111110/81eaaec94abc76e6cdb14e2fc15c8da4/notes_pre_post/1040g3k831k6n25e6307g5p97v6cao46rsr545m8!nd_dft_wlteh_webp_3,http://sns-webpic-qc.xhscdn.com/202606111110/ffd01cfca2f397fe4a05476f07c074d7/notes_pre_post/1040g3k831k6n25e630705p97v6cao46rd1gcr2o!nd_dft_wlteh_webp_3,http://sns-webpic-qc.xhscdn.com/202606111110/5f5439220bb21435bef4fd97294c2ddc/1040g2sg31k6n25tb34e05p97v6cao46rmcjgd5g!nd_dft_wlteh_webp_3,http://sns-webpic-qc.xhscdn.com/202606111110/f4445ba2e4e27c8c422a239e146d2211/1040g2sg31k6n25tb34eg5p97v6cao46r2ool9tg!nd_dft_wlteh_webp_3,http://sns-webpic-qc.xhscdn.com/202606111110/13b31af3fbd7922e5a5d80fb2f8f75a9/1040g2sg31k6n25tb34f05p97v6cao46rv0s7lo0!nd_dft_wlteh_webp_3","kitty,kitty车",1781147467803,https://www.xiaohongshu.com/explore/687dfac0000000001202cb81?xsec_token=ABJKPo-9tWtRJ43DJv007LVq-tWRHmK1xzdPYz-Xw_i90=&xsec_source=pc_search,创意车贴,ABJKPo-9tWtRJ43DJv007LVq-tWRHmK1xzdPYz-Xw_i90=
66ee3e6b000000002603c1cf,normal,北五环路段。哥们儿酷啊！！！,"#个人自用车[话题]#
#爱车[话题]#
#关于驾驶感受[话题]#
#花钱拍照就是不一样[话题]#
#机甲[话题]#
#施瓦辛格[话题]#",,1726889579000,1729510848000,55d4b1c5e4b1cf048fd32ad2,叫我Gina,https://sns-avatar-qc.xhscdn.com/avatar/1040g2jo31l78eul05o004148rkosaamiqb1t61g,4313,371,832,1492,,"http://sns-webpic-qc.xhscdn.com/202606111110/1844509ee1f13fb1b07a6e7457cc11a9/1040g0083180bbjjk44004148rkosaamidvgfis0!nd_dft_wlteh_webp_3,http://sns-webpic-qc.xhscdn.com/202606111110/12a1c8b2cf1cc2996b0892d39ad93be4/1040g0083180bbjjk440g4148rkosaami9j1qi2o!nd_dft_wlteh_webp_3,http://sns-webpic-qc.xhscdn.com/202606111110/3ea1743cf3054237f9fce64f1f6771a5/1040g0083180bbjjk44104148rkosaamihh1kpgo!nd_dft_wlteh_webp_3","个人自用车,爱车,关于驾驶感受,花钱拍照就是不一样,机甲,施瓦辛格",1781147467805,https://www.xiaohongshu.com/explore/66ee3e6b000000002603c1cf?xsec_token=ABgx1rqIO6T1QwVlypzjt2oJcLzhyvPRxgzLc8trPoor0=&xsec_source=pc_search,创意车贴,ABgx1rqIO6T1QwVlypzjt2oJcLzhyvPRxgzLc8trPoor0=
65bb6b6600000000070280ec,normal,大家买东西一定要看好尺寸！,网上看到一个好玩的实习标就买了 其实是卖刀 结果到了只有手掌那么大狠狠怒下一单[再见R][扯脸H][扯脸H]#实习车贴[话题]# #大学生精神状态[话题]#,,1706781542000,1706870712000,5b5bf4eb11be10585f16d9e9,池戈,https://sns-avatar-qc.xhscdn.com/avatar/1040g2jo31vurbap62i004a7jmfqenmf91co18rg,3440,406,2741,848,,http://sns-webpic-qc.xhscdn.com/202606111110/e3f4cfd645b9c615295eb33f73479ee7/1040g00830ukn37k656004a7jmfqenmf9dhq8210!nd_dft_wlteh_webp_3,"实习车贴,大学生精神状态",1781147467806,https://www.xiaohongshu.com/explore/65bb6b6600000000070280ec?xsec_token=AB-d4FyyBVIQWEvkMbyIecb0BLPedp8lbJo_nEj80Hsyk=&xsec_source=pc_search,创意车贴,AB-d4FyyBVIQWEvkMbyIecb0BLPedp8lbJo_nEj80Hsyk=
6a117530000000000803da63,normal,车上挂低俗标语被罚！别拿个性挑战法律底线,"成都一名29岁男子，为了博眼球，在重型半挂牵引车尾部加装了印有低俗不雅标语的挡泥板，结果被警方行政处罚，标语已清除，男子认错悔过😅
很多人觉得“挂个标语而已，至于吗？”今天从法律角度说清楚——至于，非常至于👇
📌 一、违反了什么法？
《治安管理处罚法》第23条：扰乱公共场所秩序的，处警告或200元以下罚款；情节较重的，处5-10日拘留，可并处500元以下罚款。
车辆行驶在公共道路上，低俗标语面向不特定公众，属于公共场所秩序的一部分，可能引起他人不适、围观甚至纠纷💢
此外还可能违反《道路交通安全法》——任何加装改装不得影响安全驾驶，也不得违反公序良俗。
📌 二、为什么“博眼球”也不行？
“言论自由”不是无底线的。《宪法》第51条：行使自由和权利时，不得损害国家、社会、集体利益和其他公民的合法权益。
低俗标语可能造成：
1️⃣ 影响未成年人，青少年可能模仿
2️⃣ 冒犯他人，对特定群体不尊重
3️⃣ 引发纠纷，路人可能与司机发生冲突
📌 三、会被怎么罚？
根据警方通报，谭某被行政处罚，具体可能包括：
· 罚款：200-500元不等💰
· 责令清除：拆除挡泥板、去除标语
· 批评教育：认错悔过、公开道歉
情节更严重（如涉及淫秽、暴力、威胁他人），还可能面临行政拘留⚠️
📌 四、给所有车主的提醒
1️⃣ 车身不是“留言板”：任何内容不得违法、不得违反公序良俗
2️⃣ 改装需合规：不能遮挡号牌、影响视线
3️⃣ 别拿低俗当个性：真正的个性是审美和创意，不是冒犯别人
4️⃣ 举报有渠道：看到低俗标语车辆，可拍照向交管部门或110举报📱
最后说两句：
29岁的人了，开车上路代表的不只是自己。为了“博眼球”吃个行政处罚，值得吗？😮‍💨
个性有边界，自由有底线。 别让你的“幽默”，变成别人的困扰和法律的罚单。
#低俗[话题]# #治安管理处罚法[话题]# #文明驾驶[话题]# #热点[话题]# #法律[话题]# #遵守交通法规[话题]# #法律咨询[话题]# #法律常识[话题]# #找律师[话题]#",,1780274160000,1779529008000,5adbf5dfe8ac2b332fdf09e3,秉笔执律,https://sns-avatar-qc.xhscdn.com/avatar/1040g2jo31ufslkt92a004a4nleqtu2f3e0vv5so,2803,103,524,147,山东,http://sns-webpic-qc.xhscdn.com/202606111110/e930c16c9926dc075734c41621a1e9fb/notes_pre_post/1040g3k8320gnnu0cme704a4nleqtu2f39blbbko!nd_dft_wlteh_webp_3,"低俗,治安管理处罚法,文明驾驶,热点,法律,遵守交通法规,法律咨询,法律常识,找律师",1781147467808,https://www.xiaohongshu.com/explore/6a117530000000000803da63?xsec_token=ABmATAgeJ8eRyz_osqFQdk59lVUIG-p97ASFoxXnA9dgE=&xsec_source=pc_search,创意车贴,ABmATAgeJ8eRyz_osqFQdk59lVUIG-p97ASFoxXnA9dgE=
6938f778000000001e02843e,normal,车被偷了😭😭😭,"车被偷了找回来上面被涂了花花绿绿的动漫小人，偷车贼怎么这么坏啊👊👊
#痛车[话题]# #碧蓝档案[话题]# #圣园未花[话题]# #奔驰[话题]# #amg[话题]#",,1765341048000,1765367396000,6481fd3f000000001c02bc0b,CupColete,https://sns-avatar-qc.xhscdn.com/avatar/1040g2jo31esqp0dl6e005p41vkvn5f0ba9jm0mo,2468,843,317,165,,http://sns-webpic-qc.xhscdn.com/202606111110/513273dfd88113b1170cba0eafa7672d/notes_pre_post/1040g3k031pta99bqkg005p41vkvn5f0bai41l0g!nd_dft_wlteh_webp_3,"痛车,碧蓝档案,圣园未花,奔驰,amg",1781147467810,https://www.xiaohongshu.com/explore/6938f778000000001e02843e?xsec_token=ABOjPfPsSSxz-e5tLScGOxMUY-oEcX2vslHW1570DmT6E=&xsec_source=pc_search,创意车贴,ABOjPfPsSSxz-e5tLScGOxMUY-oEcX2vslHW1570DmT6E=
69253fec000000001d0394de,normal,这贴车上能管几天？,"📍南京，今天开车碰到的，这个贴车上，应该很容易被抠吧，我的苹果一个星期就被人抠了[捂脸R][捂脸R]
不过也不排除是真的[暗中观察R][暗中观察R]
#汽车装饰[话题]# #开车要小心[话题]# #有趣的汽车[话题]# #行车安全[话题]# #万物皆可贴[话题]##歹物分享[话题]##车载歹物通缉令[话题]#",,1764048876000,1765681749000,5837df8ea9b2ed0549f82942,Cancan Run,https://sns-avatar-qc.xhscdn.com/avatar/1040g2jo313ur3btghe1048ssstfosaa2gar8gmg,1923,111,500,282,,"http://sns-webpic-qc.xhscdn.com/202606111110/baa8000f7d4476d6b8ec55de9dd7149b/notes_uhdr/1040g3qg31pa29g2ri80048ssstfosaa2424bn78!nd_dft_wlteh_webp_3,http://sns-webpic-qc.xhscdn.com/202606111110/1ff265d80683ade796ebb0ccfa4758eb/1040g00831pa26bkr280048ssstfosaa244nfkkg!nd_dft_wlteh_webp_3","汽车装饰,开车要小心,有趣的汽车,行车安全,万物皆可贴,歹物分享,车载歹物通缉令",1781147467811,https://www.xiaohongshu.com/explore/69253fec000000001d0394de?xsec_token=ABH96MvAMvhO4DBdjjIaBPQL_dhNvhrUTpLzCB_Tacn7U=&xsec_source=pc_search,创意车贴,ABH96MvAMvhO4DBdjjIaBPQL_dhNvhrUTpLzCB_Tacn7U=
69c4839e0000000023020608,normal,谁懂这个抽象车贴啊？🤣🤣🤣,太好笑了#汽车都是有表情的[话题]# #车贴[话题]# #汽车文化[话题]# #有趣的汽车🚗[话题]# #汽车彩绘[话题]# #抽象[话题]#,,1774486430000,1774486431000,57a9607082ec390d2d301dc7,Martina,https://sns-avatar-qc.xhscdn.com/avatar/63df9f51cb14d4d74c07ddcd.jpg,1866,196,679,601,,"http://sns-webpic-qc.xhscdn.com/202606111110/5d757cec1a65f61785822413cad33878/notes_uhdr/1040g3qg31u5j9ujciu0048klu8g707e77qvtmm8!nd_dft_wlteh_webp_3,http://sns-webpic-qc.xhscdn.com/202606111110/5f09ade0a9480ca983b0e6c4c7ac8e62/notes_uhdr/1040g3qg31u5j9ujciu0g48klu8g707e7utkpbn8!nd_dft_wlteh_webp_3","汽车都是有表情的,车贴,汽车文化,有趣的汽车🚗,汽车彩绘,抽象",1781147467813,https://www.xiaohongshu.com/explore/69c4839e0000000023020608?xsec_token=ABbjGWAhQc9yEQXpAqPGtw8YautDkkJ_ntWqkTA_3Tg7g=&xsec_source=pc_search,创意车贴,ABbjGWAhQc9yEQXpAqPGtw8YautDkkJ_ntWqkTA_3Tg7g=
5dd5506c000000000100b1f1,normal,定制简单的名字logo车贴,"经常淘宝搜不到喜欢的车贴，所以试试自己搞一个简单定制看看，虽然没有太好看，但还是有点意思的，可以自己画，也可以使用自己喜欢的图案；
🎀
1，使用备忘录或SketchBook进行画图；S可以进行分层 筛选自己最终喜欢的；
2，保存成图片后，TB找定制的店，确认报价并安排定制（我就近在搜珠三角的随便选了一家好评较多的，一张20元包邮，我做了两张，130×150mm）
3，两天后就收到，看图四图五，是透明底，做得蛮不错的，店家会发视频教你怎样贴，很方便。",,1574260844000,1574261291000,5ac78bda4eacab636909a20d,全智贤豆腐铺,https://sns-avatar-qc.xhscdn.com/avatar/5e225337487de40001854eba.jpg,1847,1104,59,273,,"http://sns-webpic-qc.xhscdn.com/202606111111/b4f9e124a1e33b89c85d000d09593d73/30bcd8d2-2b00-3587-8ce1-ad695e63f98f!nd_dft_wlteh_webp_3,http://sns-webpic-qc.xhscdn.com/202606111111/787e15d3fb99e1c1e26ac38e213150ec/35b3ded6-206f-399c-8d7b-48a11b221ff9!nd_dft_wlteh_webp_3,http://sns-webpic-qc.xhscdn.com/202606111111/cb46fab8023efb31c2f9b2ec04a0ca8a/f603bcef-7edc-3a4c-b9e0-d0dff5fd7321!nd_dft_wlteh_webp_3,http://sns-webpic-qc.xhscdn.com/202606111111/42d35146a01c606094628ea3f7fec8c2/51078d70-dd42-3c13-9249-1fe7c4fbe4c1!nd_dft_wlteh_webp_3,http://sns-webpic-qc.xhscdn.com/202606111111/820271c75722095b129608f08de1af8f/4e09a252-24f9-31e7-866e-7c146901bc47!nd_dft_wlteh_webp_3",,1781147467815,https://www.xiaohongshu.com/explore/5dd5506c000000000100b1f1?xsec_token=AB7XleROwTeE8Qt4FU4sd6K0C3VfRL6JMZu767KyT35Bs=&xsec_source=pc_search,创意车贴,AB7XleROwTeE8Qt4FU4sd6K0C3VfRL6JMZu767KyT35Bs=
67ee674e000000001d025099,normal,路过看到个车贴 真的笑死,"上海人民还是太有梗了
	
#车贴[话题]# #我的车[话题]# #汽车都是有表情的[话题]# #汽车文化[话题]# #破车也要优雅的开[话题]# #有趣的汽车[话题]# #这车有点帅[话题]#",,1743677262000,1743677262000,66c6b07e000000001d03115a,爪子脖子头（见过金善禹版）,https://sns-avatar-qc.xhscdn.com/avatar/1040g2jo31qtergem0a1g5pm6m1v7e4aq818fun0,1765,247,207,1182,,http://sns-webpic-qc.xhscdn.com/202606111111/94ffbd6e3dc6f7dfbbc813c5cfac42ae/1040g2sg31fqgbbrs0g705pm6m1v7e4aqcto4pfo!nd_dft_wlteh_webp_3,"车贴,我的车,汽车都是有表情的,汽车文化,破车也要优雅的开,有趣的汽车,这车有点帅",1781147467816,https://www.xiaohongshu.com/explore/67ee674e000000001d025099?xsec_token=ABxfzWOMzSkL4YSEX-RZ5Avg1iCsnoXMNjE9-YJ_dRpT0=&xsec_source=pc_search,创意车贴,ABxfzWOMzSkL4YSEX-RZ5Avg1iCsnoXMNjE9-YJ_dRpT0=
6a15a05f0000000035029d4f,normal,以后就是整个汶水路最高调的深空妹,"换版完成终于贴完啦
上一张李泽言这一张夏以昼真的各有各的帅
妙哉妙哉
#夏以昼[话题]# #痛车[话题]#",,1779802208000,1779802464000,59f1eb33e8ac2b486f769c6e,小吉吉,https://sns-avatar-qc.xhscdn.com/avatar/59f554d9b46c5d0b59c4da33.jpg,1584,74,200,380,上海,"http://sns-webpic-qc.xhscdn.com/202606111111/50d66293ce870a06b40f4b8dc9eca671/note_pre_post_uhdr/1040g3r0320kq0p4i5e7049uu13lj773ea0n87t0!nd_dft_wgth_webp_3,http://sns-webpic-qc.xhscdn.com/202606111111/0e77cbdeecc89da9d535c01e4d775e2f/note_pre_post_uhdr/1040g3r0320kq0p4i5e7g49uu13lj773eehal81o!nd_dft_wgth_webp_3,http://sns-webpic-qc.xhscdn.com/202606111111/786e192b40654d6ede10523b6ec6b34c/note_pre_post_uhdr/1040g3r0320kq0p4i5e8049uu13lj773ekqq79k8!nd_dft_wgth_webp_3,http://sns-webpic-qc.xhscdn.com/202606111111/f3bb07b3d9aea9c0640da59f451eba74/note_pre_post_uhdr/1040g3r0320kq0p4i5e8g49uu13lj773e4n1orjo!nd_dft_wgth_webp_3","夏以昼,痛车",1781147467817,https://www.xiaohongshu.com/explore/6a15a05f0000000035029d4f?xsec_token=ABjfzywVSswyykKDfLjXlzymoUHg1dcT0q-9TCy1dFRNg=&xsec_source=pc_search,创意车贴,ABjfzywVSswyykKDfLjXlzymoUHg1dcT0q-9TCy1dFRNg=
